<?xml version="1.0" encoding="UTF-8"?>
<project-private xmlns="http://www.netbeans.org/ns/project-private/1">
    <editor-bookmarks xmlns="http://www.netbeans.org/ns/editor-bookmarks/2" lastBookmarkId="0"/>
    <open-files xmlns="http://www.netbeans.org/ns/projectui-open-files/2">
        <group name="guias1,2,3,4">
            <file>file:/home/nehuen/NetBeansProjects/tp3/public_html/Desafio04_11.js</file>
            <file>file:/home/nehuen/NetBeansProjects/tp3/public_html/Desafio04_11.html</file>
            <file>file:/home/nehuen/NetBeansProjects/tp3/public_html/Funciones2.js</file>
        </group>
    </open-files>
</project-private>
